<?xml version="1.0" encoding="UTF-8"?>
<!DOCTYPE mapper PUBLIC "-//mybatis.org//DTD Mapper 3.0//EN" "http://mybatis.org/dtd/mybatis-3-mapper.dtd" >
<mapper namespace="todoMapper">
	<!-- 
		resultMap  
		- SELECT 조회 결과(ResultSet) 컬럼명과
		  컬럼 값을 옮겨 담을 DTO의 필드명이 같지 않을 때
		  이를 매핑 시켜 SELECT시 자동으로 담기게하는 역할
	 
	 
	 	-속성
	 	type : 연결할 DTO (패키지명 + 클래스명 또는 별칭)
	 	id : 만들어진 resultMap을 지칭할 식별명(이름)
	 	
	 	<id> 태그 : PK 역할 컬럼 - 필드 매핑
	 	<result> 태그 : <id>제외 나머지
	 -->
	 
	<resultMap type="TodoMember" id="todoMember_rm">
		<id property="todoMemberNo" column="TODO_MEMBER_NO" />
		<result property="id" column="ID" />
		<result property="pw" column="PW" />
		<result property="name" column="NAME" />
	</resultMap>
	
	<resultMap type="Todo" id="todo_rm">
		<id property="todoNo" column="TODO_NO" />
		<result property="title" column="TITLE" />
		<result property="isDone" column="IS_DONE" />
		<result property="todoMemberNo" column="TODO_MEMBER_NO" />
	</resultMap>
	
	<select id="idCheck" resultType="_int">
		SELECT COUNT(*) FROM TODO_MEMBER WHERE ID = #{id}
	</select>

	<insert id="signup">
		INSERT INTO TODO_MEMBER
		VALUES(SEQ_TODO_MEMBER_NO.NEXTVAL, #{id}, #{pw}, #{name})
	</insert>
	

	<select id="login" resultMap="todoMember_rm">
		SELECT * FROM TODO_MEMBER
		WHERE ID = #{id}
		AND PW = #{pw}
	</select>
	
	<select id="selectTodoLst" resultMap="todo_rm">
		SELECT * FROM TODO_LIST
		WHERE TODO_MEMBER_NO = #{todoMemberNo}
		ORDER BY 1
	</select>
	
	<insert id="insert" useGeneratedKeys="true">
		
		<selectKey order="BEFORE" keyProperty="todoNo" resultType="_int" >
			SELECT SEQ_TODO_NO.NEXTVAL FROM DUAL
		</selectKey>
		
		INSERT INTO TODO_LIST
		VALUES(${todoNo}, #{title}, default, ${todoMemberNo})
	</insert>
	
	<update id="update">
		UPDATE TODO_LIST SET
		IS_DONE = #{isDone}
		WHERE TODO_NO = ${todoNo}
	</update>
	
	<delete id="delete">
		DELETE FROM TODO_LIST
		WHERE TODO_NO = ${todoNo}
	</delete>
	
	
</mapper>